session_guid,lap_index,turn,corner_name,entry_speed,apex_speed,exit_speed,speed_drop,max_lat_g,max_brake,max_throttle,min_accel_g
49286453-273d-48c3-a124-51a51221c1f6,0,T1,Horse Shoe,23.354409408569335,20.699607849121094,23.50051383972168,2.6548015594482415,0.0864584818482399,5.669064998626709,0.5491238236427307,-0.2305552065372467
49286453-273d-48c3-a124-51a51221c1f6,0,T2-T3,Connectors,25.453590393066406,20.699607849121094,32.342305755615236,4.7539825439453125,0.09269329905509949,5.7048020362854,0.5546075105667114,-0.2305552065372467
49286453-273d-48c3-a124-51a51221c1f6,0,T4,NASCAR Bend,27.843643951416016,27.822731018066406,29.294422149658203,0.020912933349610086,0.16275586187839508,0.6225473880767822,0.5541219711303711,0.0245550274848938
49286453-273d-48c3-a124-51a51221c1f6,0,T5a-T5b,Snake Entry,21.84025650024414,21.013059616088867,22.875001525878908,0.8271968841552741,0.14944888651371002,1.449779748916626,0.5709990859031677,0.09084106236696243
49286453-273d-48c3-a124-51a51221c1f6,0,T6a-T6b,Snake Exit,25.66855125427246,25.50862693786621,27.28237838745117,0.1599243164062507,0.09758449345827103,5.883188724517822,0.5696045160293579,-0.3287385404109955
49286453-273d-48c3-a124-51a51221c1f6,0,T7,Climbing Esses,30.946697998046876,30.406631469726562,31.657163238525392,0.5400665283203132,0.12539522349834442,5.931670188903809,0.5680494904518127,-0.2265431135892868
49286453-273d-48c3-a124-51a51221c1f6,0,T8a-T8b,Climbing Esses 2,38.439413452148436,38.17706298828125,38.72309036254883,0.2623504638671861,0.10261586308479309,0.40615761280059814,0.5908598303794861,0.06228378415107727
49286453-273d-48c3-a124-51a51221c1f6,0,T9,Esses Exit,33.99874496459961,19.674768447875977,27.6334228515625,14.323976516723633,0.11942380666732788,5.612362384796143,0.5999809503555298,-0.23300807178020477
49286453-273d-48c3-a124-51a51221c1f6,0,T10,South Bend,31.808575057983397,19.674768447875977,25.89749221801758,12.13380661010742,0.11942380666732788,5.612362384796143,0.5999809503555298,-0.23300807178020477
49286453-273d-48c3-a124-51a51221c1f6,0,T11,Oak Tree Entry,31.278152847290038,19.674768447875977,25.65890121459961,11.603384399414061,0.11942380666732788,5.612362384796143,0.5999809503555298,-0.23300807178020477
49286453-273d-48c3-a124-51a51221c1f6,0,T12,Oak Tree,21.501485443115236,20.62322998046875,26.845148849487305,0.8782554626464858,0.10816963016986847,5.6287384033203125,0.5676610469818115,-0.23079752922058105
49286453-273d-48c3-a124-51a51221c1f6,0,T13,RC Entry,25.70696601867676,20.62322998046875,33.143286895751956,5.083736038208009,0.204573392868042,5.6287384033203125,0.5679799318313599,-0.23079752922058105
49286453-273d-48c3-a124-51a51221c1f6,0,T14,Roller Coaster,31.878533172607423,31.20335578918457,33.174598693847656,0.6751773834228523,0.07035351544618607,5.893258571624756,0.5743180513381958,-0.26389744877815247
49286453-273d-48c3-a124-51a51221c1f6,0,T15,RC Exit,51.33726406097412,51.31843185424805,51.93702507019043,0.01883220672607422,0.08476287126541138,2.0986270904541016,0.5905538201332092,-0.05500060319900513
49286453-273d-48c3-a124-51a51221c1f6,1,T1,Horse Shoe,23.354010772705077,21.658676147460938,23.644969940185547,1.69533462524414,0.0944887176156044,5.718273162841797,0.4666549265384674,-0.23681987822055817
49286453-273d-48c3-a124-51a51221c1f6,1,T2-T3,Connectors,25.816201782226564,21.658676147460938,32.34083480834961,4.157525634765626,0.0944887176156044,5.851744174957275,0.48265546560287476,-0.23681987822055817
49286453-273d-48c3-a124-51a51221c1f6,1,T4,NASCAR Bend,27.864758682250976,27.857872009277344,29.548812103271484,0.006886672973632102,0.17929953336715698,0.7064409255981445,0.5360150933265686,0.05381673574447632
49286453-273d-48c3-a124-51a51221c1f6,1,T5a-T5b,Snake Entry,22.04424705505371,20.79897689819336,23.026481246948244,1.2452701568603501,0.17097541689872742,1.7048791646957397,0.5853585004806519,0.07808875292539597
49286453-273d-48c3-a124-51a51221c1f6,1,T6a-T6b,Snake Exit,26.041619491577148,25.83734130859375,26.423231887817384,0.20427818298339773,0.10630284249782562,5.968974590301514,0.5658671855926514,-0.3333280682563782
49286453-273d-48c3-a124-51a51221c1f6,1,T7,Climbing Esses,30.509161376953124,29.816078186035156,31.072494506835938,0.6930831909179673,0.13086315989494324,6.277271747589111,0.5555576682090759,-0.23312842845916748
49286453-273d-48c3-a124-51a51221c1f6,1,T8a-T8b,Climbing Esses 2,37.541011047363284,37.23790740966797,37.9135383605957,0.30310363769531534,0.1091645285487175,0.3265894055366516,0.5593740344047546,0.056479617953300476
49286453-273d-48c3-a124-51a51221c1f6,1,T9,Esses Exit,35.30225143432617,19.910459518432617,27.717671966552736,15.391791915893556,0.12997090816497803,5.814903259277344,0.5939569473266602,-0.23731443285942078
49286453-273d-48c3-a124-51a51221c1f6,1,T10,South Bend,33.25471115112305,19.910459518432617,25.80596351623535,13.34425163269043,0.12997090816497803,5.814903259277344,0.5939569473266602,-0.23731443285942078
49286453-273d-48c3-a124-51a51221c1f6,1,T11,Oak Tree Entry,33.001766967773435,19.910459518432617,25.67002716064453,13.091307449340817,0.12997090816497803,5.814903259277344,0.5939569473266602,-0.23731443285942078
49286453-273d-48c3-a124-51a51221c1f6,1,T12,Oak Tree,21.51987190246582,21.01201820373535,26.06950263977051,0.507853698730468,0.16827604174613953,6.068376541137695,0.5133987069129944,-0.29704582691192627
49286453-273d-48c3-a124-51a51221c1f6,1,T13,RC Entry,24.39109649658203,21.01201820373535,31.405029678344725,3.3790782928466783,0.20596204698085785,6.068376541137695,0.5133987069129944,-0.29704582691192627
49286453-273d-48c3-a124-51a51221c1f6,1,T14,Roller Coaster,29.139665603637695,28.675399780273438,31.575614166259765,0.4642658233642578,0.09410141408443451,5.719348430633545,0.5153698921203613,-0.27932706475257874
49286453-273d-48c3-a124-51a51221c1f6,1,T15,RC Exit,50.97270393371582,50.9492073059082,51.51566123962402,0.023496627807617188,0.0870710089802742,2.0904548168182373,0.5450067520141602,-0.05690378323197365
49286453-273d-48c3-a124-51a51221c1f6,2,T1,Horse Shoe,23.055888366699218,20.78870391845703,23.946533584594725,2.267184448242187,0.11371669173240662,6.097829341888428,0.511099636554718,-0.25158682465553284
49286453-273d-48c3-a124-51a51221c1f6,2,T2-T3,Connectors,25.36776123046875,20.78870391845703,32.35675964355469,4.57905731201172,0.11371669173240662,6.097829341888428,0.5151729583740234,-0.25158682465553284
49286453-273d-48c3-a124-51a51221c1f6,2,T4,NASCAR Bend,27.42800827026367,27.39792251586914,29.097259521484375,0.03008575439453054,0.17307639122009277,0.8862067461013794,0.517000138759613,0.014941412024199963
49286453-273d-48c3-a124-51a51221c1f6,2,T5a-T5b,Snake Entry,21.46494903564453,20.435518264770508,22.66802101135254,1.029430770874022,0.15655018389225006,1.3468397855758667,0.5291574001312256,0.08755303174257278
49286453-273d-48c3-a124-51a51221c1f6,2,T6a-T6b,Snake Exit,25.53932456970215,25.274309158325195,27.541418838500977,0.26501541137695384,0.09871362149715424,6.094593048095703,0.5187740325927734,-0.30945515632629395
49286453-273d-48c3-a124-51a51221c1f6,2,T7,Climbing Esses,31.090568161010744,30.5867919921875,31.795004272460936,0.5037761688232436,0.12230387330055237,6.002028942108154,0.5100001692771912,-0.26478517055511475
49286453-273d-48c3-a124-51a51221c1f6,2,T8a-T8b,Climbing Esses 2,39.48070220947265,39.14790725708008,39.393578338623044,0.3327949523925753,0.10697254538536072,0.34345442056655884,0.5247732400894165,0.046519339084625244
49286453-273d-48c3-a124-51a51221c1f6,2,T9,Esses Exit,34.881509399414064,20.219009399414062,27.707917404174804,14.662500000000001,0.15688203275203705,6.133315563201904,0.5360001921653748,-0.2647519111633301
49286453-273d-48c3-a124-51a51221c1f6,2,T10,South Bend,32.38080024719238,20.219009399414062,26.00146903991699,12.16179084777832,0.15688203275203705,6.133315563201904,0.5359899401664734,-0.2647519111633301
49286453-273d-48c3-a124-51a51221c1f6,2,T11,Oak Tree Entry,32.06991539001465,20.219009399414062,25.888922500610352,11.850905990600587,0.15688203275203705,6.133315563201904,0.535926342010498,-0.2647519111633301
49286453-273d-48c3-a124-51a51221c1f6,2,T12,Oak Tree,21.923295974731445,20.888782501220703,26.874450302124025,1.0345134735107422,0.14308473467826843,6.240550994873047,0.49699997901916504,-0.3009982109069824
49286453-273d-48c3-a124-51a51221c1f6,2,T13,RC Entry,26.977912139892577,20.888782501220703,33.152783966064455,6.089129638671874,0.22314220666885376,6.240550994873047,0.49699997901916504,-0.3009982109069824
49286453-273d-48c3-a124-51a51221c1f6,2,T14,Roller Coaster,31.791602325439452,30.957380294799805,32.890325927734374,0.8342220306396477,0.09683645516633987,5.98929500579834,0.4758826494216919,-0.2893340587615967
49286453-273d-48c3-a124-51a51221c1f6,2,T15,RC Exit,51.66390800476074,51.644996643066406,52.27106761932373,0.018911361694335938,0.08389807492494583,2.432565689086914,0.5130442976951599,-0.061584509909152985
49286453-273d-48c3-a124-51a51221c1f6,3,T1,Horse Shoe,23.415507507324218,19.995059967041016,23.525758361816408,3.4204475402832024,0.09544933587312698,5.694878101348877,0.48555701971054077,-0.24538873136043549
49286453-273d-48c3-a124-51a51221c1f6,3,T2-T3,Connectors,25.895197296142577,19.995059967041016,32.29713745117188,5.900137329101561,0.09544933587312698,5.721063137054443,0.49365362524986267,-0.24538873136043549
49286453-273d-48c3-a124-51a51221c1f6,3,T4,NASCAR Bend,28.556856155395508,28.52238655090332,29.792872619628906,0.0344696044921875,0.17761383950710297,0.6972136497497559,0.49577397108078003,0.016881760209798813
49286453-273d-48c3-a124-51a51221c1f6,3,T5a-T5b,Snake Entry,21.863947296142577,21.501829147338867,23.26449661254883,0.3621181488037095,0.15901540219783783,1.4597692489624023,0.4967578053474426,0.06268738955259323
49286453-273d-48c3-a124-51a51221c1f6,3,T6a-T6b,Snake Exit,25.551968002319335,25.491497039794922,26.920632553100585,0.06047096252441264,0.10430832207202911,6.376976013183594,0.4989998936653137,-0.38844534754753113
49286453-273d-48c3-a124-51a51221c1f6,3,T7,Climbing Esses,31.071041870117188,30.507532119750977,31.70679817199707,0.5635097503662116,0.12063030153512955,6.367147445678711,0.4980001151561737,-0.25401613116264343
49286453-273d-48c3-a124-51a51221c1f6,3,T8a-T8b,Climbing Esses 2,38.99314727783203,38.503379821777344,39.11230621337891,0.4897674560546861,0.10397443920373917,0.4621097445487976,0.5304000377655029,0.059735678136348724
49286453-273d-48c3-a124-51a51221c1f6,3,T9,Esses Exit,33.84890594482422,19.516395568847656,27.65661506652832,14.332510375976561,0.15685373544692993,6.321465015411377,0.5423918962478638,-0.2553177773952484
49286453-273d-48c3-a124-51a51221c1f6,3,T10,South Bend,31.36568603515625,19.516395568847656,25.981304550170897,11.849290466308595,0.15685373544692993,6.321465015411377,0.5423918962478638,-0.2553177773952484
49286453-273d-48c3-a124-51a51221c1f6,3,T11,Oak Tree Entry,31.059175491333008,19.516395568847656,25.84239044189453,11.542779922485352,0.15685373544692993,6.321465015411377,0.5423918962478638,-0.2553177773952484
49286453-273d-48c3-a124-51a51221c1f6,3,T12,Oak Tree,20.40045509338379,20.082218170166016,26.86689147949219,0.31823692321777486,0.1293858289718628,5.772472381591797,0.4810014069080353,-0.26238390803337097
49286453-273d-48c3-a124-51a51221c1f6,3,T13,RC Entry,25.408101654052736,20.082218170166016,32.9734489440918,5.32588348388672,0.22821393609046936,5.772472381591797,0.4839680790901184,-0.26238390803337097
49286453-273d-48c3-a124-51a51221c1f6,3,T14,Roller Coaster,32.99521713256836,31.956180572509766,33.78652648925781,1.039036560058591,0.09421391785144806,5.792423248291016,0.4840001165866852,-0.2849990427494049
49286453-273d-48c3-a124-51a51221c1f6,3,T15,RC Exit,51.32175159454346,51.299198150634766,52.03884983062744,0.022553443908691406,0.08558602631092072,2.0135552883148193,0.5229998230934143,-0.054086096584796906
49286453-273d-48c3-a124-51a51221c1f6,4,T1,Horse Shoe,23.25176544189453,21.69826889038086,23.217614364624023,1.5534965515136712,0.09255946427583694,5.725348472595215,0.48684683442115784,-0.24189069867134094
49286453-273d-48c3-a124-51a51221c1f6,4,T2-T3,Connectors,24.55972671508789,21.69826889038086,32.30123672485352,2.8614578247070312,0.09848431497812271,5.932458400726318,0.4947874844074249,-0.24189069867134094
49286453-273d-48c3-a124-51a51221c1f6,4,T4,NASCAR Bend,27.53175277709961,27.452821731567383,29.626367568969727,0.07893104553222585,0.16873526573181152,0.5046679973602295,0.4790934920310974,-0.021988168358802795
49286453-273d-48c3-a124-51a51221c1f6,4,T5a-T5b,Snake Entry,21.964596939086913,21.345142364501953,22.82373390197754,0.6194545745849602,0.14820317924022675,1.0237524509429932,0.4947740137577057,0.06327461451292038
49286453-273d-48c3-a124-51a51221c1f6,4,T6a-T6b,Snake Exit,25.6952880859375,25.533815383911133,27.178139877319335,0.16147270202636577,0.10026686638593674,6.0290961265563965,0.4917616546154022,-0.3837931454181671
49286453-273d-48c3-a124-51a51221c1f6,4,T7,Climbing Esses,31.12955513000488,30.554128646850586,31.909420013427734,0.5754264831542955,0.13320021331310272,5.914059638977051,0.4930000305175781,-0.22667647898197174
49286453-273d-48c3-a124-51a51221c1f6,4,T8a-T8b,Climbing Esses 2,38.41651840209961,37.83306121826172,38.326419830322266,0.5834571838378935,0.10887814313173294,0.597565233707428,0.5253999829292297,0.06577737629413605
49286453-273d-48c3-a124-51a51221c1f6,4,T9,Esses Exit,33.794534301757814,19.37468147277832,27.599082946777344,14.419852828979494,0.15475718677043915,5.992423057556152,0.5950002074241638,-0.34506577253341675
49286453-273d-48c3-a124-51a51221c1f6,4,T10,South Bend,31.94647216796875,19.37468147277832,25.871121978759767,12.57179069519043,0.15475718677043915,5.992423057556152,0.5942661762237549,-0.34506577253341675
49286453-273d-48c3-a124-51a51221c1f6,4,T11,Oak Tree Entry,31.738777542114256,19.37468147277832,25.76622543334961,12.364096069335936,0.15475718677043915,5.992423057556152,0.5940384268760681,-0.34506577253341675
49286453-273d-48c3-a124-51a51221c1f6,4,T12,Oak Tree,20.49750518798828,20.421201705932617,27.17903251647949,0.07630348205566406,0.13552989065647125,5.79568338394165,0.6268452405929565,-0.283405601978302
49286453-273d-48c3-a124-51a51221c1f6,4,T13,RC Entry,24.53464698791504,20.421201705932617,33.535169219970705,4.113445281982422,0.21985258162021637,5.79568338394165,0.6284000277519226,-0.283405601978302
49286453-273d-48c3-a124-51a51221c1f6,4,T14,Roller Coaster,31.560013198852538,30.71458625793457,33.00704116821289,0.8454269409179673,0.09755066782236099,5.672632694244385,0.6318296194076538,-0.34382933378219604
49286453-273d-48c3-a124-51a51221c1f6,4,T15,RC Exit,51.2064733505249,51.18510818481445,51.895615577697754,0.02136516571044922,0.09039013832807541,2.2381694316864014,0.653908371925354,-0.05586681142449379
49286453-273d-48c3-a124-51a51221c1f6,5,T1,Horse Shoe,23.235346603393555,19.390047073364258,22.987611770629883,3.8452995300292976,0.10239443182945251,5.690403938293457,0.6408370733261108,-0.24257227778434753
49286453-273d-48c3-a124-51a51221c1f6,5,T2-T3,Connectors,25.348041915893553,19.390047073364258,32.28913040161133,5.9579948425292955,0.10540729016065598,5.690403938293457,0.6447527408599854,-0.24257227778434753
49286453-273d-48c3-a124-51a51221c1f6,5,T4,NASCAR Bend,28.087404251098633,27.965099334716797,29.08482131958008,0.12230491638183594,0.16684776544570923,0.5797781348228455,0.6440001130104065,-0.015995264053344727
49286453-273d-48c3-a124-51a51221c1f6,5,T5a-T5b,Snake Entry,21.574311828613283,20.92611312866211,22.635679244995117,0.6481986999511733,0.14329810440540314,1.688477635383606,0.6439705491065979,0.08046361058950424
49286453-273d-48c3-a124-51a51221c1f6,5,T6a-T6b,Snake Exit,25.593975448608397,25.41693878173828,27.745938873291017,0.17703666687011577,0.09186837822198868,5.878893852233887,0.6459999680519104,-0.3521198630332947
49286453-273d-48c3-a124-51a51221c1f6,5,T7,Climbing Esses,31.620254135131837,30.974300384521484,31.869916915893555,0.645953750610353,0.13747353851795197,6.035855293273926,0.6529999375343323,-0.24060876667499542
49286453-273d-48c3-a124-51a51221c1f6,5,T8a-T8b,Climbing Esses 2,38.46426773071289,38.11684799194336,38.6174560546875,0.34741973876953125,0.10742440074682236,0.45886847376823425,0.6684592366218567,0.06645592302083969
49286453-273d-48c3-a124-51a51221c1f6,5,T9,Esses Exit,33.80656127929687,18.84280776977539,27.048601150512695,14.963753509521482,0.18678723275661469,6.028420925140381,0.6660001277923584,-0.28674620389938354
49286453-273d-48c3-a124-51a51221c1f6,5,T10,South Bend,31.71080436706543,18.84280776977539,25.306798934936523,12.867996597290038,0.18678723275661469,6.028420925140381,0.6660001277923584,-0.28674620389938354
49286453-273d-48c3-a124-51a51221c1f6,5,T11,Oak Tree Entry,31.443260192871094,18.84280776977539,25.177544784545898,12.600452423095703,0.18678723275661469,6.028420925140381,0.6660001277923584,-0.28674620389938354
49286453-273d-48c3-a124-51a51221c1f6,5,T12,Oak Tree,21.584546661376955,19.919700622558594,26.549491119384765,1.6648460388183608,0.11771922558546066,5.878758430480957,0.6280001997947693,-0.2762623429298401
49286453-273d-48c3-a124-51a51221c1f6,5,T13,RC Entry,26.379307556152344,19.919700622558594,33.17502899169922,6.459606933593751,0.21091800928115845,5.878758430480957,0.6289739012718201,-0.2762623429298401
49286453-273d-48c3-a124-51a51221c1f6,5,T14,Roller Coaster,31.47357940673828,31.135818481445312,33.32340927124024,0.33776092529296875,0.08578704297542572,5.938628196716309,0.6329346895217896,-0.28041234612464905
49286453-273d-48c3-a124-51a51221c1f6,5,T15,RC Exit,51.1525936126709,51.14379119873047,51.8493537902832,0.008802413940429688,0.08572972565889359,2.0299861431121826,0.6425926089286804,-0.05506196618080139
49286453-273d-48c3-a124-51a51221c1f6,6,T1,Horse Shoe,23.696143341064452,19.771305084228516,23.30167922973633,3.924838256835937,0.10502690821886063,6.133137226104736,0.6296708583831787,-0.2408534735441208
49286453-273d-48c3-a124-51a51221c1f6,6,T2-T3,Connectors,25.686035919189454,19.771305084228516,32.45006256103515,5.914730834960938,0.10502690821886063,6.133137226104736,0.6310268044471741,-0.2408534735441208
49286453-273d-48c3-a124-51a51221c1f6,6,T4,NASCAR Bend,28.10449638366699,28.015661239624023,29.330995941162108,0.08883514404296733,0.16910423338413239,0.800179123878479,0.6284000873565674,0.00950015801936388
49286453-273d-48c3-a124-51a51221c1f6,6,T5a-T5b,Snake Entry,22.030009078979493,20.91758918762207,23.19648971557617,1.1124198913574226,0.14251773059368134,1.463559627532959,0.6340435147285461,0.02751719020307064
49286453-273d-48c3-a124-51a51221c1f6,6,T6a-T6b,Snake Exit,25.843731307983397,25.704683303833008,27.283650588989257,0.1390480041503892,0.11354149132966995,5.757388591766357,0.6404001116752625,-0.3853495121002197
49286453-273d-48c3-a124-51a51221c1f6,6,T7,Climbing Esses,30.37145004272461,29.964244842529297,31.558994674682616,0.4072052001953139,0.12150248140096664,5.88585090637207,0.6454001069068909,-0.22396975755691528
49286453-273d-48c3-a124-51a51221c1f6,6,T8a-T8b,Climbing Esses 2,37.818285369873045,37.7945671081543,38.63506164550781,0.02371826171874858,0.10012265294790268,0.5063582062721252,0.6743866801261902,0.05353287234902382
49286453-273d-48c3-a124-51a51221c1f6,6,T9,Esses Exit,32.64471664428711,19.641862869262695,27.553872299194335,13.002853775024413,0.11469749361276627,5.755702495574951,0.6689999103546143,-0.2310093194246292
49286453-273d-48c3-a124-51a51221c1f6,6,T10,South Bend,30.503719329833984,19.641862869262695,25.81747970581055,10.861856460571289,0.11469749361276627,5.755702495574951,0.6689999103546143,-0.2310093194246292
49286453-273d-48c3-a124-51a51221c1f6,6,T11,Oak Tree Entry,30.25401496887207,19.641862869262695,25.72234191894531,10.612152099609375,0.11469749361276627,5.755702495574951,0.6689999103546143,-0.2310093194246292
49286453-273d-48c3-a124-51a51221c1f6,6,T12,Oak Tree,21.799572372436522,20.198671340942383,26.93593978881836,1.6009010314941392,0.16905105113983154,6.124202251434326,0.6225878596305847,-0.29514220356941223
49286453-273d-48c3-a124-51a51221c1f6,6,T13,RC Entry,26.105204772949218,20.198671340942383,33.41939010620117,5.906533432006835,0.2097427397966385,6.124202251434326,0.623999834060669,-0.29514220356941223
49286453-273d-48c3-a124-51a51221c1f6,6,T14,Roller Coaster,31.732742309570312,31.443161010742188,33.4618423461914,0.289581298828125,0.08776240050792694,6.12951135635376,0.6289998888969421,-0.29156360030174255
49286453-273d-48c3-a124-51a51221c1f6,6,T15,RC Exit,51.83139514923096,51.817501068115234,52.461771965026855,0.013894081115722656,0.08382972329854965,2.5179758071899414,0.6330001354217529,-0.06379532814025879
49286453-273d-48c3-a124-51a51221c1f6,7,T1,Horse Shoe,23.420135498046875,19.845277786254883,23.725222015380858,3.574857711791992,0.1070401519536972,6.117655277252197,0.6217389106750488,-0.24717554450035095
49286453-273d-48c3-a124-51a51221c1f6,7,T2-T3,Connectors,25.173503494262697,19.845277786254883,32.35886001586914,5.328225708007814,0.11030131578445435,6.117655277252197,0.6247655153274536,-0.24717554450035095
49286453-273d-48c3-a124-51a51221c1f6,7,T4,NASCAR Bend,26.852518463134764,26.184589385986328,27.154126358032226,0.6679290771484361,0.11070878058671951,0.8339380025863647,0.625,0.07915089279413223
49286453-273d-48c3-a124-51a51221c1f6,7,T5a-T5b,Snake Entry,21.842030334472657,20.564573287963867,22.356269073486327,1.2774570465087898,0.16707578301429749,2.2931408882141113,0.6259859204292297,0.052193783223629
49286453-273d-48c3-a124-51a51221c1f6,7,T6a-T6b,Snake Exit,25.359823989868165,25.252859115600586,27.158861923217774,0.10696487426757884,0.10124920308589935,5.783155918121338,0.6289998888969421,-0.3379988670349121
49286453-273d-48c3-a124-51a51221c1f6,7,T7,Climbing Esses,30.64840087890625,30.158245086669922,31.577530670166016,0.49015579223632955,0.12320496886968613,6.238324165344238,0.6299741268157959,-0.23924612998962402
49286453-273d-48c3-a124-51a51221c1f6,7,T8a-T8b,Climbing Esses 2,38.031464385986325,37.9139518737793,38.85889434814453,0.11751251220702841,0.09826900064945221,0.35456177592277527,0.6473959684371948,0.05517487972974777
49286453-273d-48c3-a124-51a51221c1f6,7,T9,Esses Exit,32.87116012573242,19.10765838623047,27.159012222290038,13.763501739501955,0.1580079346895218,6.124022960662842,0.6490001082420349,-0.24785929918289185
49286453-273d-48c3-a124-51a51221c1f6,7,T10,South Bend,30.481257247924805,19.10765838623047,25.56121406555176,11.373598861694337,0.1580079346895218,6.124022960662842,0.6490001082420349,-0.24785929918289185
49286453-273d-48c3-a124-51a51221c1f6,7,T11,Oak Tree Entry,30.209684371948242,19.10765838623047,25.439667892456054,11.102025985717773,0.1580079346895218,6.124022960662842,0.6490001082420349,-0.24785929918289185
49286453-273d-48c3-a124-51a51221c1f6,7,T12,Oak Tree,21.871502304077147,20.517070770263672,27.19755325317383,1.3544315338134751,0.11290334910154343,6.1424150466918945,0.6129999756813049,-0.25429773330688477
49286453-273d-48c3-a124-51a51221c1f6,7,T13,RC Entry,26.466327667236328,20.517070770263672,33.48879547119141,5.949256896972656,0.21894793212413788,6.1424150466918945,0.6129999756813049,-0.25429773330688477
49286453-273d-48c3-a124-51a51221c1f6,7,T14,Roller Coaster,32.32824783325195,31.545753479003906,33.4365852355957,0.782494354248044,0.12246664613485336,6.362292289733887,0.6179850697517395,-0.3172368109226227
49286453-273d-48c3-a124-51a51221c1f6,7,T15,RC Exit,51.08003044128418,51.06283187866211,51.44677448272705,0.017198562622070312,0.08182768523693085,1.7682628631591797,0.623999834060669,-0.0503934845328331
983fe6a8-4800-4e1d-974a-40008092027a,0,T1,Horse Shoe,22.58299446105957,19.67234230041504,23.025356674194335,2.9106521606445312,0.11624552309513092,2.8527112007141113,0.4965032935142517,-0.27381396293640137
983fe6a8-4800-4e1d-974a-40008092027a,0,T2-T3,Connectors,24.469411087036132,19.67234230041504,31.660612106323242,4.797068786621093,0.11624552309513092,3.0808632373809814,0.4977858364582062,-0.27381396293640137
983fe6a8-4800-4e1d-974a-40008092027a,0,T4,NASCAR Bend,27.051931381225586,27.039745330810547,29.021492767333985,0.012186050415039062,0.1487886756658554,2.646167516708374,0.5101215839385986,0.04535520449280739
983fe6a8-4800-4e1d-974a-40008092027a,0,T5a-T5b,Snake Entry,19.567573928833006,19.522266387939453,21.81239013671875,0.045307540893553266,0.13393396139144897,3.1517298221588135,0.533151388168335,0.07060366123914719
983fe6a8-4800-4e1d-974a-40008092027a,0,T6a-T6b,Snake Exit,24.827555084228514,24.634841918945312,27.020210647583006,0.1927131652832017,0.09233482927083969,2.7183196544647217,0.5226236581802368,-0.31282129883766174
983fe6a8-4800-4e1d-974a-40008092027a,0,T7,Climbing Esses,30.246058654785156,30.16534996032715,31.522371673583983,0.0807086944580071,0.11216966062784195,3.035240888595581,0.5270484685897827,-0.2075926959514618
983fe6a8-4800-4e1d-974a-40008092027a,0,T8a-T8b,Climbing Esses 2,38.432770538330075,38.40909194946289,38.70730819702148,0.023678588867184658,0.09702999144792557,1.9723836183547974,0.5941676497459412,0.06423673778772354
983fe6a8-4800-4e1d-974a-40008092027a,0,T9,Esses Exit,30.22554130554199,19.222110748291016,26.061217498779296,11.003430557250976,0.1084049791097641,3.1389963626861572,0.5838326215744019,-0.23622269928455353
983fe6a8-4800-4e1d-974a-40008092027a,0,T10,South Bend,28.28992691040039,19.222110748291016,24.294223022460937,9.067816162109374,0.1084049791097641,3.0958476066589355,0.5837818384170532,-0.23622269928455353
983fe6a8-4800-4e1d-974a-40008092027a,0,T11,Oak Tree Entry,28.28992691040039,19.222110748291016,24.173734283447267,9.067816162109374,0.1084049791097641,3.0958476066589355,0.5837818384170532,-0.23622269928455353
983fe6a8-4800-4e1d-974a-40008092027a,0,T12,Oak Tree,21.924222946166992,19.916818618774414,25.18310203552246,2.007404327392578,0.12883959710597992,3.281996011734009,0.5168928503990173,-0.24708090722560883
983fe6a8-4800-4e1d-974a-40008092027a,0,T13,RC Entry,26.810212707519533,19.916818618774414,32.386888122558595,6.893394088745119,0.2057683914899826,3.3167335987091064,0.5168928503990173,-0.24708090722560883
983fe6a8-4800-4e1d-974a-40008092027a,0,T14,Roller Coaster,31.187736129760744,30.5364990234375,32.28270416259765,0.6512371063232436,0.07604113966226578,2.0768988132476807,0.48836782574653625,-0.28175437450408936
983fe6a8-4800-4e1d-974a-40008092027a,0,T15,RC Exit,50.3429651260376,50.323978424072266,50.95635223388672,0.01898670196533203,0.08432818949222565,0.8810825943946838,0.5133029222488403,-0.05552888661623001
983fe6a8-4800-4e1d-974a-40008092027a,1,T1,Horse Shoe,22.435544967651367,19.2197322845459,23.47820129394531,3.2158126831054688,0.10049593448638916,2.8517911434173584,0.48840004205703735,-0.2606721818447113
983fe6a8-4800-4e1d-974a-40008092027a,1,T2-T3,Connectors,24.340142059326173,19.2197322845459,31.82113380432129,5.120409774780274,0.10049593448638916,3.048520088195801,0.48840004205703735,-0.2606721818447113
983fe6a8-4800-4e1d-974a-40008092027a,1,T4,NASCAR Bend,26.17535743713379,26.112300872802734,28.187905883789064,0.06305656433105611,0.11137329787015915,2.4812240600585938,0.4826575219631195,0.06796403974294662
983fe6a8-4800-4e1d-974a-40008092027a,1,T5a-T5b,Snake Entry,19.349795150756837,19.228212356567383,21.84275550842285,0.12158279418945384,0.13013985753059387,3.032424211502075,0.495771586894989,0.06183098256587982
983fe6a8-4800-4e1d-974a-40008092027a,1,T6a-T6b,Snake Exit,24.854277420043946,24.637723922729492,27.18297882080078,0.21655349731445384,0.09641300141811371,2.8545212745666504,0.48440054059028625,-0.35398462414741516
983fe6a8-4800-4e1d-974a-40008092027a,1,T7,Climbing Esses,30.04364891052246,29.921743392944336,31.723212051391602,0.12190551757812429,0.1141052320599556,3.0611860752105713,0.5004000663757324,-0.237871453166008
983fe6a8-4800-4e1d-974a-40008092027a,1,T8a-T8b,Climbing Esses 2,38.825479125976564,38.785884857177734,39.08100128173828,0.039594268798829546,0.09562361985445023,1.998691439628601,0.5860002040863037,0.058876343071460724
983fe6a8-4800-4e1d-974a-40008092027a,1,T9,Esses Exit,31.147813415527345,19.865060806274414,26.469641494750977,11.282752609252931,0.11764845252037048,3.163884162902832,0.5657705068588257,-0.228462353348732
983fe6a8-4800-4e1d-974a-40008092027a,1,T10,South Bend,29.105904388427735,19.865060806274414,24.7650634765625,9.240843582153321,0.11764845252037048,3.1309003829956055,0.5657705068588257,-0.228462353348732
983fe6a8-4800-4e1d-974a-40008092027a,1,T11,Oak Tree Entry,28.82881736755371,19.865060806274414,24.647082901000978,8.963756561279297,0.11764845252037048,3.1309003829956055,0.5657510757446289,-0.228462353348732
983fe6a8-4800-4e1d-974a-40008092027a,1,T12,Oak Tree,22.314907455444335,20.299570083618164,25.243632507324218,2.0153373718261705,0.14029839634895325,3.398515462875366,0.49076586961746216,-0.26915058493614197
983fe6a8-4800-4e1d-974a-40008092027a,1,T13,RC Entry,27.4292293548584,20.299570083618164,32.56774749755859,7.129659271240236,0.2206336110830307,3.398515462875366,0.49076586961746216,-0.26915058493614197
983fe6a8-4800-4e1d-974a-40008092027a,1,T14,Roller Coaster,30.375325775146486,29.502872467041016,31.35008316040039,0.8724533081054702,0.07673731446266174,2.1760213375091553,0.487517386674881,-0.3199613690376282
983fe6a8-4800-4e1d-974a-40008092027a,1,T15,RC Exit,50.10802936553955,50.08726501464844,50.80958557128906,0.02076435089111328,0.08461747318506241,0.9641274213790894,0.5065772533416748,-0.0587206669151783
983fe6a8-4800-4e1d-974a-40008092027a,2,T1,Horse Shoe,22.287590789794923,19.519973754882812,23.58491668701172,2.76761703491211,0.11343935132026672,3.0118181705474854,0.4689999520778656,-0.24413800239562988
983fe6a8-4800-4e1d-974a-40008092027a,2,T2-T3,Connectors,24.054395294189455,19.519973754882812,32.08774642944336,4.534421539306642,0.11343935132026672,3.247561454772949,0.46997421979904175,-0.24413800239562988
983fe6a8-4800-4e1d-974a-40008092027a,2,T4,NASCAR Bend,27.521912002563475,27.465036392211914,29.680609512329102,0.05687561035156108,0.189121276140213,2.620985507965088,0.46683749556541443,0.02462810091674328
983fe6a8-4800-4e1d-974a-40008092027a,2,T5a-T5b,Snake Entry,20.145080184936525,20.136213302612305,21.860771560668944,0.008866882324220171,0.15573981404304504,3.054453134536743,0.4909708797931671,0.02354808896780014
983fe6a8-4800-4e1d-974a-40008092027a,2,T6a-T6b,Snake Exit,24.816364669799803,24.635534286499023,26.72074661254883,0.18083038330077983,0.0945533886551857,2.619980573654175,0.47430258989334106,-0.3335273861885071
983fe6a8-4800-4e1d-974a-40008092027a,2,T7,Climbing Esses,30.852166748046876,30.694149017333984,31.447206497192383,0.15801773071289205,0.10869583487510681,3.1371774673461914,0.48799994587898254,-0.2691977024078369
983fe6a8-4800-4e1d-974a-40008092027a,2,T8a-T8b,Climbing Esses 2,38.95135269165039,38.41481399536133,38.42634963989258,0.5365386962890639,0.09652051329612732,1.5221493244171143,0.5590000152587891,0.05674132704734802
983fe6a8-4800-4e1d-974a-40008092027a,2,T9,Esses Exit,29.7643123626709,19.14826774597168,25.600143051147462,10.61604461669922,0.16849471628665924,3.3357231616973877,0.5498425364494324,-0.33455801010131836
983fe6a8-4800-4e1d-974a-40008092027a,2,T10,South Bend,27.84035453796387,19.14826774597168,23.738663101196288,8.692086791992189,0.16849471628665924,3.3357231616973877,0.5489998459815979,-0.33455801010131836
983fe6a8-4800-4e1d-974a-40008092027a,2,T11,Oak Tree Entry,27.630125045776367,19.14826774597168,23.61061248779297,8.481857299804688,0.16849471628665924,3.320791721343994,0.5489998459815979,-0.33455801010131836
983fe6a8-4800-4e1d-974a-40008092027a,2,T12,Oak Tree,21.802224349975585,20.143404006958008,25.360560607910156,1.6588203430175774,0.17550842463970184,3.173631429672241,0.46000000834465027,-0.29051995277404785
983fe6a8-4800-4e1d-974a-40008092027a,2,T13,RC Entry,26.708545684814453,20.143404006958008,32.5250602722168,6.565141677856445,0.21800614893436432,3.365710496902466,0.46098750829696655,-0.29051995277404785
983fe6a8-4800-4e1d-974a-40008092027a,2,T14,Roller Coaster,30.823132705688476,30.35597038269043,32.28050308227539,0.46716232299804616,0.10893917828798294,2.239079236984253,0.4609270989894867,-0.2924956679344177
983fe6a8-4800-4e1d-974a-40008092027a,2,T15,RC Exit,50.82601737976074,50.806129455566406,51.477458000183105,0.019887924194335938,0.0905347615480423,0.948868453502655,0.4587840735912323,-0.05517010763287544
983fe6a8-4800-4e1d-974a-40008092027a,3,T1,Horse Shoe,22.437324142456056,20.329822540283203,22.345416641235353,2.107501602172853,0.15331903100013733,2.9252841472625732,0.5027180910110474,-0.3661292791366577
983fe6a8-4800-4e1d-974a-40008092027a,3,T2-T3,Connectors,24.3819637298584,20.329822540283203,31.51512451171875,4.052141189575195,0.15331903100013733,3.3027102947235107,0.5138057470321655,-0.3661292791366577
983fe6a8-4800-4e1d-974a-40008092027a,3,T4,NASCAR Bend,27.906739044189454,27.888809204101562,29.600239181518553,0.017929840087891336,0.16058477759361267,2.948969602584839,0.5554699897766113,-0.0008661497267894447
983fe6a8-4800-4e1d-974a-40008092027a,3,T5a-T5b,Snake Entry,19.52064323425293,19.514127731323242,21.96392936706543,0.0065155029296875,0.12437637895345688,3.4210760593414307,0.5850000381469727,0.07661600410938263
983fe6a8-4800-4e1d-974a-40008092027a,3,T6a-T6b,Snake Exit,25.02788391113281,24.85466766357422,27.05189094543457,0.17321624755859233,0.09220106899738312,2.8308145999908447,0.5793651938438416,-0.3291613757610321
983fe6a8-4800-4e1d-974a-40008092027a,3,T7,Climbing Esses,29.73655014038086,29.654212951660156,31.192655181884767,0.08233718872070384,0.11922972649335861,3.320047616958618,0.589970588684082,-0.22295574843883514
983fe6a8-4800-4e1d-974a-40008092027a,3,T8a-T8b,Climbing Esses 2,37.467017364501956,37.42866516113281,38.320438385009766,0.03835220336914347,0.09321144968271255,2.2126781940460205,0.666999876499176,0.05740548297762871
983fe6a8-4800-4e1d-974a-40008092027a,3,T9,Esses Exit,29.699079513549805,19.1377010345459,26.078003311157225,10.561378479003906,0.12913264334201813,3.3955633640289307,0.6675392985343933,-0.24201969802379608
983fe6a8-4800-4e1d-974a-40008092027a,3,T10,South Bend,28.000631713867186,19.1377010345459,24.411081314086914,8.862930679321288,0.12913264334201813,3.2146525382995605,0.666999876499176,-0.24201969802379608
983fe6a8-4800-4e1d-974a-40008092027a,3,T11,Oak Tree Entry,27.775241470336915,19.1377010345459,24.296981048583984,8.637540435791017,0.12913264334201813,3.2146525382995605,0.666999876499176,-0.24201969802379608
983fe6a8-4800-4e1d-974a-40008092027a,3,T12,Oak Tree,21.891579818725585,19.38324546813965,24.783148956298827,2.508334350585937,0.14727219939231873,3.425551414489746,0.5850000381469727,-0.27846235036849976
983fe6a8-4800-4e1d-974a-40008092027a,3,T13,RC Entry,26.232266998291017,19.38324546813965,28.52193489074707,6.849021530151369,0.21335886418819427,3.427406072616577,0.5850000381469727,-0.27846235036849976
983fe6a8-4800-4e1d-974a-40008092027a,3,T14,Roller Coaster,25.5698600769043,24.247304916381836,27.293035888671874,1.3225551605224624,0.07096561044454575,3.1407220363616943,0.5934640765190125,-0.2333044856786728
983fe6a8-4800-4e1d-974a-40008092027a,3,T15,RC Exit,49.91522693634033,49.894622802734375,50.4300537109375,0.02060413360595703,0.08780576288700104,0.9099107980728149,0.601906955242157,-0.05762288719415665
983fe6a8-4800-4e1d-974a-40008092027a,4,T1,Horse Shoe,23.117127227783204,18.81391716003418,22.338315582275392,4.303210067749024,0.12353174388408661,2.9537570476531982,0.5409702062606812,-0.25915926694869995
983fe6a8-4800-4e1d-974a-40008092027a,4,T2-T3,Connectors,25.025094985961914,18.81391716003418,31.126161193847658,6.211177825927734,0.12353174388408661,3.024528741836548,0.5409702062606812,-0.25915926694869995
983fe6a8-4800-4e1d-974a-40008092027a,4,T4,NASCAR Bend,26.029282760620116,26.005096435546875,28.20530433654785,0.024186325073241477,0.11744079738855362,2.5646350383758545,0.5347248315811157,0.04716503992676735
983fe6a8-4800-4e1d-974a-40008092027a,4,T5a-T5b,Snake Entry,19.142362594604492,18.895877838134766,21.5517578125,0.24648475646972656,0.1445431262254715,3.440709114074707,0.5679728984832764,0.034502774477005005
983fe6a8-4800-4e1d-974a-40008092027a,4,T6a-T6b,Snake Exit,24.589294052124025,24.387128829956055,27.09291191101074,0.20216522216797017,0.09191270917654037,2.8461458683013916,0.5556683540344238,-0.2766539454460144
983fe6a8-4800-4e1d-974a-40008092027a,4,T7,Climbing Esses,30.257875442504883,30.124841690063477,31.69111328125,0.13303375244140625,0.11867865920066833,3.0648038387298584,0.5380000472068787,-0.21810221672058105
983fe6a8-4800-4e1d-974a-40008092027a,4,T8a-T8b,Climbing Esses 2,38.253211212158206,38.220176696777344,38.944410705566405,0.03303451538086222,0.10369513928890228,2.3842458724975586,0.5711936950683594,0.05360657349228859
983fe6a8-4800-4e1d-974a-40008092027a,4,T9,Esses Exit,30.13578071594238,18.293323516845703,26.018540954589845,11.842457199096678,0.13317619264125824,3.2511215209960938,0.5597555041313171,-0.2459617257118225
983fe6a8-4800-4e1d-974a-40008092027a,4,T10,South Bend,28.863951873779296,18.293323516845703,24.133430099487306,10.570628356933593,0.13317619264125824,3.1775152683258057,0.5588669776916504,-0.2459617257118225
983fe6a8-4800-4e1d-974a-40008092027a,4,T11,Oak Tree Entry,28.70074577331543,18.293323516845703,24.00736274719238,10.407422256469726,0.13317619264125824,3.1775152683258057,0.5587338209152222,-0.2459617257118225
983fe6a8-4800-4e1d-974a-40008092027a,4,T12,Oak Tree,21.64731559753418,19.4960994720459,25.283928298950194,2.1512161254882827,0.10905057191848755,3.1768901348114014,0.5410001277923584,-0.266084223985672
983fe6a8-4800-4e1d-974a-40008092027a,4,T13,RC Entry,26.748766326904295,19.4960994720459,32.295921325683594,7.252666854858397,0.22123026847839355,3.332951068878174,0.541999876499176,-0.266084223985672
983fe6a8-4800-4e1d-974a-40008092027a,4,T14,Roller Coaster,32.364749908447266,31.73941993713379,33.21753005981445,0.6253299713134766,0.086318738758564,2.072462320327759,0.5190244913101196,-0.2932606637477875
983fe6a8-4800-4e1d-974a-40008092027a,4,T15,RC Exit,50.476778984069824,50.46164321899414,51.051578521728516,0.015135765075683594,0.08372246474027634,0.872409999370575,0.4930000305175781,-0.05518077686429024
615bdd93-2b9c-4a4e-adb1-2bb05bd058fd,0,T1,Horse Shoe,22.09839744567871,19.68025779724121,23.705517578125,2.4181396484374993,0.07962533086538315,6.931771278381348,0.36050552129745483,-0.23630477488040924
615bdd93-2b9c-4a4e-adb1-2bb05bd058fd,0,T2-T3,Connectors,24.226521682739257,19.68025779724121,33.58011322021484,4.546263885498046,0.07962533086538315,7.003471374511719,0.3756118416786194,-0.23630477488040924
615bdd93-2b9c-4a4e-adb1-2bb05bd058fd,0,T4,NASCAR Bend,27.06101264953613,26.993200302124023,29.396625518798828,0.06781234741210795,0.17822754383087158,-0.05180059373378754,0.4067138433456421,-0.01265071239322424
615bdd93-2b9c-4a4e-adb1-2bb05bd058fd,0,T5a-T5b,Snake Entry,20.826197814941406,20.57481575012207,22.245101547241212,0.2513820648193352,0.15580764412879944,0.9179930686950684,0.4029344320297241,0.1138182282447815
615bdd93-2b9c-4a4e-adb1-2bb05bd058fd,0,T6a-T6b,Snake Exit,25.62102279663086,25.480688095092773,27.026711654663085,0.14033470153808736,0.09756030142307281,6.475024223327637,0.39163288474082947,-0.35728082060813904
615bdd93-2b9c-4a4e-adb1-2bb05bd058fd,0,T7,Climbing Esses,30.52867317199707,30.00969696044922,31.2076473236084,0.5189762115478516,0.11166180670261383,7.166446685791016,0.3916923403739929,-0.21982230246067047
615bdd93-2b9c-4a4e-adb1-2bb05bd058fd,0,T8a-T8b,Climbing Esses 2,38.09159545898437,38.08741760253906,38.64899597167969,0.004177856445309658,0.10398084670305252,-0.3951628506183624,0.41964033246040344,0.06138280779123306
615bdd93-2b9c-4a4e-adb1-2bb05bd058fd,0,T9,Esses Exit,32.333203887939455,19.303424835205078,27.18953971862793,13.029779052734376,0.16690289974212646,6.666387557983398,0.44348573684692383,-0.24743947386741638
615bdd93-2b9c-4a4e-adb1-2bb05bd058fd,0,T10,South Bend,30.214953994750978,19.303424835205078,25.26367301940918,10.9115291595459,0.16690289974212646,6.666387557983398,0.44348573684692383,-0.24743947386741638
615bdd93-2b9c-4a4e-adb1-2bb05bd058fd,0,T11,Oak Tree Entry,29.975917053222656,19.303424835205078,25.12340545654297,10.672492218017577,0.16690289974212646,6.666387557983398,0.44348573684692383,-0.24743947386741638
615bdd93-2b9c-4a4e-adb1-2bb05bd058fd,0,T12,Oak Tree,20.434413528442384,19.349491119384766,25.991385650634765,1.0849224090576186,0.14904113113880157,6.384182929992676,0.3425584137439728,-0.2766355276107788
615bdd93-2b9c-4a4e-adb1-2bb05bd058fd,0,T13,RC Entry,25.235790634155272,19.349491119384766,33.8380630493164,5.886299514770506,0.2118476778268814,6.384182929992676,0.3469267189502716,-0.2766355276107788
615bdd93-2b9c-4a4e-adb1-2bb05bd058fd,0,T14,Roller Coaster,30.896716690063478,30.768705368041992,33.37670211791992,0.1280113220214858,0.1088123545050621,7.501977920532227,0.347066730260849,-0.28300344944000244
615bdd93-2b9c-4a4e-adb1-2bb05bd058fd,0,T15,RC Exit,52.84609317779541,52.82542419433594,53.3645715713501,0.020668983459472656,0.08386258035898209,3.2660276889801025,0.37658652663230896,-0.060870908200740814
615bdd93-2b9c-4a4e-adb1-2bb05bd058fd,1,T1,Horse Shoe,21.281008911132812,19.335615158081055,23.803454208374024,1.945393753051757,0.10182726383209229,7.090554237365723,0.36900004744529724,-0.23725521564483643
615bdd93-2b9c-4a4e-adb1-2bb05bd058fd,1,T2-T3,Connectors,23.71056213378906,19.335615158081055,33.81865921020508,4.374946975708006,0.10182726383209229,7.1419782638549805,0.38000690937042236,-0.23725521564483643
615bdd93-2b9c-4a4e-adb1-2bb05bd058fd,1,T4,NASCAR Bend,26.052061462402342,25.942161560058594,29.00242347717285,0.10989990234374858,0.186165452003479,0.01187371276319027,0.4029725193977356,-0.03521040827035904
615bdd93-2b9c-4a4e-adb1-2bb05bd058fd,1,T5a-T5b,Snake Entry,20.603173828125,20.486669540405273,21.818479156494142,0.11650428771972798,0.16462118923664093,1.009787678718567,0.39500007033348083,0.1259172409772873
615bdd93-2b9c-4a4e-adb1-2bb05bd058fd,1,T6a-T6b,Snake Exit,25.268867874145506,25.141319274902344,26.507993316650392,0.12754859924316264,0.08477558195590973,6.070556640625,0.385989785194397,-0.320774644613266
615bdd93-2b9c-4a4e-adb1-2bb05bd058fd,1,T7,Climbing Esses,30.420967483520506,29.971860885620117,31.380845260620116,0.4491065979003892,0.10484743863344193,7.5429368019104,0.38800010085105896,-0.22504399716854095
615bdd93-2b9c-4a4e-adb1-2bb05bd058fd,1,T8a-T8b,Climbing Esses 2,38.602054595947266,38.59088897705078,38.836798095703124,0.011165618896484375,0.10658539086580276,-0.4170728325843811,0.4151775538921356,0.05684524029493332
615bdd93-2b9c-4a4e-adb1-2bb05bd058fd,1,T9,Esses Exit,32.980465698242185,19.63022804260254,27.173612213134767,13.350237655639646,0.1792852133512497,6.653368949890137,0.4529688060283661,-0.29549649357795715
615bdd93-2b9c-4a4e-adb1-2bb05bd058fd,1,T10,South Bend,30.718965530395508,19.63022804260254,25.264393615722657,11.088737487792969,0.1792852133512497,6.653368949890137,0.4529688060283661,-0.29549649357795715
615bdd93-2b9c-4a4e-adb1-2bb05bd058fd,1,T11,Oak Tree Entry,30.44888381958008,19.63022804260254,25.12494468688965,10.81865577697754,0.1792852133512497,6.653368949890137,0.4529688060283661,-0.29549649357795715
615bdd93-2b9c-4a4e-adb1-2bb05bd058fd,1,T12,Oak Tree,19.959523010253907,18.895030975341797,25.76859359741211,1.06449203491211,0.15043893456459045,6.430418014526367,0.3498331606388092,-0.28150588274002075
615bdd93-2b9c-4a4e-adb1-2bb05bd058fd,1,T13,RC Entry,25.090528869628905,18.895030975341797,33.7382194519043,6.195497894287108,0.20969730615615845,6.430418014526367,0.3520001173019409,-0.28150588274002075
615bdd93-2b9c-4a4e-adb1-2bb05bd058fd,1,T14,Roller Coaster,30.85170783996582,30.71201515197754,33.09654083251953,0.13969268798827983,0.09671052545309067,7.638141632080078,0.3468605577945709,-0.27874183654785156
615bdd93-2b9c-4a4e-adb1-2bb05bd058fd,1,T15,RC Exit,52.84609317779541,52.82542419433594,53.3645715713501,0.020668983459472656,0.08386258035898209,3.2660276889801025,0.37658652663230896,-0.060870908200740814
615bdd93-2b9c-4a4e-adb1-2bb05bd058fd,2,T1,Horse Shoe,22.658997344970704,19.644960403442383,23.602910614013673,3.014036941528321,0.08190121501684189,6.903794288635254,0.35148367285728455,-0.2521936297416687
615bdd93-2b9c-4a4e-adb1-2bb05bd058fd,2,T2-T3,Connectors,24.642469024658205,19.644960403442383,33.322522735595705,4.997508621215822,0.08190121501684189,6.990180015563965,0.3708779513835907,-0.2521936297416687
615bdd93-2b9c-4a4e-adb1-2bb05bd058fd,2,T4,NASCAR Bend,27.751063919067384,27.69985008239746,29.741200637817382,0.051213836669923296,0.17995783686637878,-0.10049211978912354,0.40999993681907654,0.001299726078286767
615bdd93-2b9c-4a4e-adb1-2bb05bd058fd,2,T5a-T5b,Snake Entry,21.025313949584962,20.604331970214844,22.59692726135254,0.4209819793701186,0.15729615092277527,0.8419985175132751,0.40999993681907654,0.07627258449792862
615bdd93-2b9c-4a4e-adb1-2bb05bd058fd,2,T6a-T6b,Snake Exit,25.927835083007814,25.777645111083984,27.454441833496094,0.15018997192382955,0.10850036889314651,6.888460636138916,0.3965708017349243,-0.38854846358299255
615bdd93-2b9c-4a4e-adb1-2bb05bd058fd,2,T7,Climbing Esses,30.63260726928711,30.043371200561523,31.023669052124024,0.5892360687255866,0.11824121326208115,6.9689040184021,0.3956451416015625,-0.21774977445602417
615bdd93-2b9c-4a4e-adb1-2bb05bd058fd,2,T8a-T8b,Climbing Esses 2,37.494042205810544,37.38316345214844,38.451324462890625,0.11087875366210653,0.10488437861204147,-0.21956366300582886,0.4248274564743042,0.06125396490097046
615bdd93-2b9c-4a4e-adb1-2bb05bd058fd,2,T9,Esses Exit,31.4915412902832,18.80325698852539,27.205371856689453,12.688284301757811,0.15410341322422028,6.7729268074035645,0.44335901737213135,-0.24424797296524048
615bdd93-2b9c-4a4e-adb1-2bb05bd058fd,2,T10,South Bend,29.59420738220215,18.80325698852539,25.26295051574707,10.79095039367676,0.15410341322422028,6.7729268074035645,0.44335901737213135,-0.24424797296524048
615bdd93-2b9c-4a4e-adb1-2bb05bd058fd,2,T11,Oak Tree Entry,29.401402282714844,18.80325698852539,25.12186164855957,10.598145294189454,0.15410341322422028,6.7729268074035645,0.44335901737213135,-0.24424797296524048
615bdd93-2b9c-4a4e-adb1-2bb05bd058fd,2,T12,Oak Tree,20.810141372680665,19.687393188476562,26.195850372314453,1.1227481842041023,0.14774802327156067,6.3400115966796875,0.3358868956565857,-0.2721194922924042
615bdd93-2b9c-4a4e-adb1-2bb05bd058fd,2,T13,RC Entry,25.372895431518554,19.687393188476562,33.934976196289064,5.6855022430419915,0.22456173598766327,6.3400115966796875,0.34299999475479126,-0.2721194922924042
615bdd93-2b9c-4a4e-adb1-2bb05bd058fd,2,T14,Roller Coaster,30.941054916381837,30.798229217529297,33.63427505493164,0.14282569885254048,0.11995955556631088,7.524714946746826,0.34725701808929443,-0.2958308756351471
615bdd93-2b9c-4a4e-adb1-2bb05bd058fd,2,T15,RC Exit,43.1622314453125,43.1473503112793,43.17606163024902,0.014881134033203125,0.09300535917282104,1.7991529703140259,0.3707680106163025,-0.05483213812112808
